{"cameraMode":{"drawMode":0,"name":"Shaded","section":"Shading Mode"},"sceneLighting":false,"audioPlay":false,"sceneViewState":{"showFog":false,"showMaterialUpdate":false,"showSkybox":false,"showFlares":false,"showImageEffects":false,"showParticleSystems":false},"in2DMode":false,"pivot":{"x":2.9759926795959474,"y":2.057863473892212,"z":-17.749710083007814},"rotation":{"x":0.22850561141967774,"y":0.7638367414474487,"z":-0.36053210496902468,"w":0.4841138422489166},"size":8.72861385345459,"orthographic":true}