{"cameraMode":{"drawMode":0,"name":"Shaded","section":"Shading Mode"},"sceneLighting":false,"audioPlay":false,"sceneViewState":{"showFog":false,"showMaterialUpdate":false,"showSkybox":false,"showFlares":false,"showImageEffects":false,"showParticleSystems":false},"in2DMode":false,"pivot":{"x":6.853000164031982,"y":2.0558621883392336,"z":-12.868255615234375},"rotation":{"x":0.07655096054077149,"y":0.8433879613876343,"z":-0.12487663328647614,"w":0.5169661045074463},"size":8.617501258850098,"orthographic":true}