{"cameraMode":{"drawMode":0,"name":"Shaded","section":"Shading Mode"},"sceneLighting":false,"audioPlay":false,"sceneViewState":{"showFog":false,"showMaterialUpdate":false,"showSkybox":false,"showFlares":false,"showImageEffects":false,"showParticleSystems":false},"in2DMode":false,"pivot":{"x":6.914999485015869,"y":2.2208943367004396,"z":-23.635286331176759},"rotation":{"x":-0.1931229531764984,"y":0.8067090511322022,"z":-0.40411072969436648,"w":-0.3855172395706177},"size":8.326542854309082,"orthographic":true}