{"cameraMode":{"drawMode":0,"name":"Shaded","section":"Shading Mode"},"sceneLighting":false,"audioPlay":false,"sceneViewState":{"showFog":false,"showMaterialUpdate":false,"showSkybox":false,"showFlares":false,"showImageEffects":false,"showParticleSystems":false},"in2DMode":false,"pivot":{"x":6.853000164031982,"y":2.0558621883392336,"z":-12.868255615234375},"rotation":{"x":0.22850561141967774,"y":0.7638367414474487,"z":-0.36053210496902468,"w":0.4841138422489166},"size":8.617501258850098,"orthographic":true}