{"cameraMode":{"drawMode":0,"name":"Shaded","section":"Shading Mode"},"sceneLighting":true,"audioPlay":false,"sceneViewState":{"showFog":false,"showMaterialUpdate":false,"showSkybox":false,"showFlares":false,"showImageEffects":false,"showParticleSystems":false},"in2DMode":false,"pivot":{"x":0.000003814697265625,"y":1.100000023841858,"z":69.69999694824219},"rotation":{"x":0.274107426404953,"y":-0.4253130853176117,"z":0.13689526915550233,"w":0.8516096472740173},"size":46.670249938964847,"orthographic":true}