{"cameraMode":{"drawMode":0,"name":"Shaded","section":"Shading Mode"},"sceneLighting":false,"audioPlay":false,"sceneViewState":{"showFog":true,"showMaterialUpdate":false,"showSkybox":false,"showFlares":true,"showImageEffects":true,"showParticleSystems":true},"in2DMode":false,"pivot":{"x":6.879433631896973,"y":1.690840721130371,"z":-12.925433158874512},"rotation":{"x":0.5608384609222412,"y":0.42090079188346865,"z":-0.399966299533844,"w":0.5901982188224793},"size":4.37864351272583,"orthographic":true}