{"cameraMode":{"drawMode":0,"name":"Shaded","section":"Shading Mode"},"sceneLighting":false,"audioPlay":false,"sceneViewState":{"showFog":false,"showMaterialUpdate":false,"showSkybox":false,"showFlares":false,"showImageEffects":false,"showParticleSystems":false},"in2DMode":false,"pivot":{"x":3.6187500953674318,"y":1.975814700126648,"z":-27.813392639160158},"rotation":{"x":0.009162724018096924,"y":0.9545289278030396,"z":-0.029503608122467996,"w":0.2965218126773834},"size":6.412939548492432,"orthographic":true}